date,Unnamed: 0,close,high,low,open,secid
2013-11-18,0.0,21.84,23.87,21.77,23.8,RVI
2013-11-19,1.0,22.49,22.74,20.98,21.83,RVI
2013-11-20,2.0,22.77,22.98,22.28,22.48,RVI
2013-11-21,3.0,21.89,23.0,21.77,22.75,RVI
2013-11-22,4.0,21.85,22.22,21.16,21.86,RVI
2013-11-25,5.0,21.64,22.51,21.57,21.85,RVI
2013-11-26,6.0,21.87,22.39,21.11,21.58,RVI
2013-11-27,7.0,23.41,23.41,21.17,21.86,RVI
2013-11-28,8.0,23.49,24.15,22.72,23.39,RVI
2013-11-29,9.0,23.8,24.43,23.07,23.5,RVI
2013-12-02,10.0,24.59,24.9,22.73,23.83,RVI
2013-12-03,11.0,25.24,26.49,24.1,24.59,RVI
2013-12-04,12.0,25.9,26.08,24.3,25.25,RVI
2013-12-05,13.0,26.15,26.26,24.26,25.89,RVI
2013-12-06,14.0,24.36,26.16,23.93,26.07,RVI
2013-12-09,15.0,23.85,25.82,23.01,24.35,RVI
2013-12-10,16.0,24.09,24.67,22.93,23.65,RVI
2013-12-11,17.0,23.56,24.79,22.5,24.09,RVI
2013-12-12,18.0,23.45,25.95,23.1,23.61,RVI
2013-12-13,19.0,22.64,24.84,22.0,23.45,RVI
2013-12-16,20.0,22.43,24.25,22.06,22.64,RVI
2013-12-17,21.0,19.99,22.55,19.72,22.42,RVI
2013-12-18,22.0,20.8,21.07,19.87,19.99,RVI
2013-12-19,23.0,19.47,22.48,19.28,20.82,RVI
2013-12-20,24.0,18.04,19.52,17.45,19.5,RVI
2013-12-23,25.0,18.36,19.29,17.5,17.93,RVI
2013-12-24,26.0,17.75,18.89,17.33,18.36,RVI
2013-12-25,27.0,18.94,19.37,17.61,17.7,RVI
2013-12-26,28.0,19.6,20.6,18.76,18.94,RVI
2013-12-27,29.0,19.36,20.58,18.97,19.6,RVI
2013-12-30,30.0,20.48,21.31,19.22,19.36,RVI
2014-01-06,31.0,22.7,23.05,20.36,20.47,RVI
2014-01-08,32.0,19.4,22.96,18.79,22.69,RVI
2014-01-09,33.0,18.85,23.19,18.51,19.53,RVI
2014-01-10,34.0,20.56,20.58,17.18,18.83,RVI
2014-01-13,35.0,20.07,21.16,19.02,20.42,RVI
2014-01-14,36.0,21.2,21.49,18.65,20.07,RVI
2014-01-15,37.0,21.14,21.46,20.16,21.22,RVI
2014-01-16,38.0,20.36,21.42,19.67,21.2,RVI
2014-01-17,39.0,20.34,20.85,19.62,20.36,RVI
2014-01-20,40.0,20.98,21.66,19.81,20.31,RVI
2014-01-21,41.0,21.14,21.58,20.73,20.99,RVI
2014-01-22,42.0,20.49,21.28,20.2,21.14,RVI
2014-01-23,43.0,20.24,21.23,20.17,20.48,RVI
2014-01-24,44.0,22.0,22.09,20.12,20.18,RVI
2014-01-27,45.0,24.24,24.49,21.84,22.04,RVI
2014-01-28,46.0,24.33,24.71,23.48,24.26,RVI
2014-01-29,47.0,28.16,28.73,24.04,24.33,RVI
2014-01-30,48.0,25.2,29.04,25.11,28.16,RVI
2014-01-31,49.0,27.48,27.59,24.43,25.26,RVI
2014-02-03,50.0,28.55,29.08,25.79,27.47,RVI
2014-02-04,51.0,27.74,29.84,26.87,28.53,RVI
2014-02-05,52.0,25.59,28.08,25.38,27.76,RVI
2014-02-06,53.0,25.01,26.77,24.48,25.58,RVI
2014-02-07,54.0,25.03,25.4,24.46,25.02,RVI
2014-02-10,55.0,25.47,26.09,24.46,25.04,RVI
2014-02-11,56.0,25.2,25.8,24.37,25.43,RVI
2014-02-12,57.0,25.03,25.92,24.49,25.22,RVI
2014-02-13,58.0,25.23,25.53,24.6,25.03,RVI
2014-02-14,59.0,26.01,26.42,24.63,25.21,RVI
2014-02-17,60.0,26.8,26.86,25.5,25.99,RVI
2014-02-18,61.0,26.29,27.07,26.18,26.77,RVI
2014-02-19,62.0,26.12,26.35,25.36,26.29,RVI
2014-02-20,63.0,27.41,27.69,26.12,26.12,RVI
2014-02-21,64.0,25.97,27.49,25.75,27.42,RVI
2014-02-24,65.0,25.64,26.62,25.22,25.95,RVI
2014-02-25,66.0,26.54,27.1,25.03,25.63,RVI
2014-02-26,67.0,25.84,26.8,25.41,26.55,RVI
2014-02-27,68.0,27.69,28.05,25.05,25.81,RVI
2014-02-28,69.0,28.38,29.35,26.82,27.7,RVI
2014-03-03,70.0,57.18,60.67,27.88,28.35,RVI
2014-03-04,71.0,51.05,63.36,50.45,57.24,RVI
2014-03-05,72.0,43.63,51.1,43.63,51.04,RVI
2014-03-06,73.0,49.26,52.56,42.36,43.64,RVI
2014-03-07,74.0,49.77,51.74,48.99,49.26,RVI
2014-03-11,75.0,51.25,56.28,44.29,49.79,RVI
2014-03-12,76.0,47.16,55.86,42.7,53.59,RVI
2014-03-13,77.0,54.32,54.32,45.02,48.47,RVI
2014-03-14,78.0,60.59,70.63,54.55,55.4,RVI
2014-03-17,79.0,57.7,69.37,57.43,59.88,RVI
2014-03-18,80.0,49.46,58.87,48.96,58.33,RVI
2014-03-19,81.0,48.28,50.14,45.87,49.19,RVI
2014-03-20,82.0,51.06,53.3,47.9,49.83,RVI
2014-03-21,83.0,50.63,60.36,50.41,50.57,RVI
2014-03-24,84.0,52.73,52.87,48.26,50.22,RVI
2014-03-25,85.0,49.29,53.42,48.48,52.59,RVI
2014-03-26,86.0,43.04,48.73,42.1,48.51,RVI
2014-03-27,87.0,41.2,42.51,39.85,40.32,RVI
2014-03-28,88.0,39.23,41.14,38.18,40.14,RVI
2014-03-31,89.0,38.84,41.48,37.53,39.71,RVI
2014-04-01,90.0,37.52,40.72,36.87,38.97,RVI
2014-04-02,91.0,39.47,39.94,37.87,38.71,RVI
2014-04-03,92.0,37.5,39.66,37.42,39.2,RVI
2014-04-04,93.0,35.02,37.72,33.72,36.68,RVI
2014-04-07,94.0,41.04,41.91,33.48,33.93,RVI
2014-04-08,95.0,37.79,41.07,37.29,40.6,RVI
2014-04-09,96.0,39.96,41.12,36.94,36.95,RVI
2014-04-10,97.0,36.69,41.25,36.63,39.92,RVI
2014-04-11,98.0,38.13,39.99,36.5,37.03,RVI
2014-04-14,99.0,41.99,43.56,36.49,37.6,RVI
2014-04-15,100.0,45.09,45.48,40.97,41.64,RVI
2014-04-16,101.0,40.98,46.44,40.15,45.29,RVI
2014-04-17,102.0,37.42,41.66,37.13,40.99,RVI
2014-04-18,103.0,34.41,37.67,32.88,37.01,RVI
2014-04-21,104.0,37.51,37.6,34.14,34.52,RVI
2014-04-22,105.0,37.31,39.34,36.71,37.39,RVI
2014-04-23,106.0,38.46,38.6,37.26,37.54,RVI
2014-04-24,107.0,44.69,44.85,37.51,37.78,RVI
2014-04-25,108.0,45.68,48.55,43.82,44.99,RVI
2014-04-28,109.0,42.68,49.11,42.5,45.81,RVI
2014-04-29,110.0,40.83,43.44,38.82,42.99,RVI
2014-04-30,111.0,41.35,43.87,37.97,41.04,RVI
2014-05-02,112.0,42.35,43.72,40.79,41.1,RVI
2014-05-05,113.0,43.25,43.91,42.26,42.42,RVI
2014-05-06,114.0,39.5,43.78,39.27,43.26,RVI
2014-05-07,115.0,35.36,40.24,33.84,39.61,RVI
2014-05-08,116.0,35.8,42.39,34.1,35.26,RVI
2014-05-12,117.0,35.33,38.57,33.49,36.37,RVI
2014-05-13,118.0,31.71,36.19,31.11,35.69,RVI
2014-05-14,119.0,30.5,32.39,30.25,32.19,RVI
2014-05-15,120.0,29.04,31.12,28.26,30.77,RVI
2014-05-16,121.0,29.23,30.33,28.02,28.4,RVI
2014-05-19,122.0,28.94,31.79,28.24,29.0,RVI
2014-05-20,123.0,28.33,30.42,27.85,28.71,RVI
2014-05-21,124.0,29.55,29.65,28.44,28.52,RVI
2014-05-22,125.0,28.77,30.0,28.61,29.22,RVI
2014-05-23,126.0,28.35,29.64,27.98,28.62,RVI
2014-05-26,127.0,27.87,29.95,27.16,28.49,RVI
2014-05-27,128.0,28.98,29.78,27.7,27.95,RVI
2014-05-28,129.0,28.56,29.84,28.21,28.9,RVI
2014-05-29,130.0,28.51,29.16,27.59,28.36,RVI
2014-05-30,131.0,27.81,28.82,27.52,28.39,RVI
2014-06-02,132.0,26.97,30.53,26.18,28.1,RVI
2014-06-03,133.0,26.96,28.71,26.68,26.84,RVI
2014-06-04,134.0,26.78,28.48,26.5,26.94,RVI
2014-06-05,135.0,26.86,27.22,25.85,26.56,RVI
2014-06-06,136.0,28.16,28.23,26.47,26.78,RVI
2014-06-09,137.0,26.82,29.3,24.62,26.67,RVI
2014-06-10,138.0,27.49,30.38,27.05,28.95,RVI
2014-06-11,139.0,27.15,28.05,26.47,27.38,RVI
2014-06-13,140.0,28.27,29.95,26.7,27.02,RVI
2014-06-16,141.0,29.53,30.65,28.07,28.08,RVI
2014-06-17,142.0,27.55,29.78,27.11,29.66,RVI
2014-06-18,143.0,27.3,28.3,26.7,27.03,RVI
2014-06-19,144.0,26.26,28.34,25.55,27.86,RVI
2014-06-20,145.0,27.75,28.48,26.94,26.98,RVI
2014-06-23,146.0,26.97,28.49,26.4,27.61,RVI
2014-06-24,147.0,25.97,27.65,25.77,26.62,RVI
2014-06-25,148.0,29.05,29.14,25.37,25.72,RVI
2014-06-26,149.0,28.73,29.53,26.94,27.55,RVI
2014-06-27,150.0,28.8,29.6,27.86,29.07,RVI
2014-06-30,151.0,30.31,30.64,27.78,28.12,RVI
2014-07-01,152.0,29.19,31.95,29.19,31.1,RVI
2014-07-02,153.0,29.23,29.68,27.14,28.89,RVI
2014-07-03,154.0,27.29,29.95,27.01,28.37,RVI
2014-07-04,155.0,30.46,30.46,27.17,28.37,RVI
2014-07-07,156.0,28.97,30.42,26.89,28.59,RVI
2014-07-08,157.0,29.25,30.11,25.65,29.12,RVI
2014-07-09,158.0,28.17,30.34,26.95,28.49,RVI
2014-07-10,159.0,28.86,31.3,27.66,28.44,RVI
2014-07-11,160.0,29.47,31.31,28.03,28.18,RVI
2014-07-14,161.0,29.7,31.05,28.29,29.18,RVI
2014-07-15,162.0,28.89,30.69,28.22,29.48,RVI
2014-07-16,163.0,28.2,29.66,27.61,29.0,RVI
2014-07-17,164.0,29.96,31.22,27.68,27.95,RVI
2014-07-18,165.0,32.06,35.19,29.27,29.99,RVI
2014-07-21,166.0,35.01,35.18,31.74,31.91,RVI
2014-07-22,167.0,33.52,35.98,32.58,35.45,RVI
2014-07-23,168.0,33.7,34.86,31.56,33.55,RVI
2014-07-24,169.0,34.98,35.84,33.65,33.74,RVI
2014-07-25,170.0,35.11,35.68,31.87,35.04,RVI
2014-07-28,171.0,37.81,38.31,35.42,37.11,RVI
2014-07-29,172.0,37.31,38.28,36.44,38.14,RVI
2014-07-30,173.0,35.77,38.53,34.1,37.39,RVI
2014-07-31,174.0,35.83,36.15,33.97,35.92,RVI
2014-08-01,175.0,36.43,37.77,35.96,36.57,RVI
2014-08-04,176.0,36.61,36.86,34.72,36.45,RVI
2014-08-05,177.0,36.62,37.12,35.37,36.48,RVI
2014-08-06,178.0,38.24,39.21,36.2,36.48,RVI
2014-08-07,179.0,38.87,39.37,37.85,38.14,RVI
2014-08-08,180.0,38.44,41.62,37.12,40.95,RVI
2014-08-11,181.0,36.64,39.4,35.26,39.09,RVI
2014-08-12,182.0,36.75,38.2,36.64,37.27,RVI
2014-08-13,183.0,34.93,37.65,34.1,36.52,RVI
2014-08-14,184.0,32.51,35.35,32.37,34.88,RVI
2014-08-15,185.0,31.62,33.66,31.16,32.35,RVI
2014-08-18,186.0,32.06,34.74,30.69,30.75,RVI
2014-08-19,187.0,32.08,32.79,31.43,31.87,RVI
2014-08-20,188.0,32.74,33.19,31.84,32.17,RVI
2014-08-21,189.0,30.77,32.95,30.46,32.58,RVI
2014-08-22,190.0,32.19,32.69,29.98,30.68,RVI
2014-08-25,191.0,31.89,33.0,31.71,32.53,RVI
2014-08-26,192.0,32.38,32.74,31.45,31.57,RVI
2014-08-27,193.0,31.82,32.44,31.1,32.27,RVI
2014-08-28,194.0,33.83,34.6,31.67,31.85,RVI
2014-08-29,195.0,35.02,35.18,33.16,33.65,RVI
2014-09-01,196.0,36.05,36.87,34.68,34.71,RVI
2014-09-02,197.0,36.21,36.89,35.87,36.02,RVI
2014-09-03,198.0,32.13,36.24,31.88,35.88,RVI
2014-09-04,199.0,32.52,33.44,31.64,31.97,RVI
2014-09-05,200.0,32.4,33.39,30.75,32.5,RVI
2014-09-08,201.0,31.5,34.7,30.92,32.43,RVI
2014-09-09,202.0,30.63,33.46,29.73,32.08,RVI
2014-09-10,203.0,32.24,32.62,30.84,31.07,RVI
2014-09-11,204.0,32.26,33.75,31.58,32.37,RVI
2014-09-12,205.0,34.03,35.63,32.06,34.86,RVI
2014-09-15,206.0,30.71,34.87,30.2,33.95,RVI
2014-09-16,207.0,30.22,31.0,29.34,30.91,RVI
2014-09-17,208.0,30.76,31.58,28.51,30.51,RVI
2014-09-18,209.0,31.63,32.16,30.68,31.1,RVI
2014-09-19,210.0,31.91,33.51,29.51,31.63,RVI
2014-09-22,211.0,32.54,33.72,31.82,31.98,RVI
2014-09-23,212.0,31.34,32.61,31.28,31.74,RVI
2014-09-24,213.0,28.85,32.33,28.25,30.65,RVI
2014-09-25,214.0,30.29,30.46,28.34,28.8,RVI
2014-09-26,215.0,31.0,31.81,29.72,30.39,RVI
2014-09-29,216.0,31.64,36.07,29.43,31.07,RVI
2014-09-30,217.0,31.4,32.27,29.76,30.98,RVI
2014-10-01,218.0,32.62,33.14,30.72,30.98,RVI
2014-10-02,219.0,31.84,34.71,31.55,32.0,RVI
2014-10-03,220.0,31.74,33.47,30.68,31.95,RVI
2014-10-06,221.0,31.67,34.96,30.89,31.3,RVI
2014-10-07,222.0,32.03,32.79,31.13,32.02,RVI
2014-10-08,223.0,31.88,33.41,30.43,31.87,RVI
2014-10-09,224.0,30.64,33.06,29.51,32.07,RVI
2014-10-10,225.0,33.63,37.09,29.89,30.01,RVI
2014-10-13,226.0,31.57,35.16,30.47,33.38,RVI
2014-10-14,227.0,32.91,33.32,30.31,31.36,RVI
2014-10-15,228.0,33.17,34.85,31.29,32.34,RVI
2014-10-16,229.0,33.87,35.12,31.17,33.35,RVI
2014-10-17,230.0,33.04,35.4,32.84,34.07,RVI
2014-10-20,231.0,34.42,35.16,31.17,33.33,RVI
2014-10-21,232.0,33.25,35.28,33.04,34.71,RVI
2014-10-22,233.0,33.75,34.56,32.49,33.14,RVI
2014-10-23,234.0,33.71,35.32,33.09,33.71,RVI
2014-10-24,235.0,34.59,34.76,33.56,34.12,RVI
2014-10-27,236.0,34.15,35.15,33.41,34.51,RVI
2014-10-28,237.0,35.85,36.07,34.13,34.24,RVI
2014-10-29,238.0,35.43,36.22,35.08,35.85,RVI
2014-10-30,239.0,32.61,36.09,31.51,35.61,RVI
2014-10-31,240.0,31.91,34.89,31.82,33.66,RVI
2014-11-03,241.0,32.71,33.48,31.52,31.83,RVI
2014-11-05,242.0,35.71,36.01,32.85,33.04,RVI
2014-11-06,243.0,40.91,41.41,35.25,35.89,RVI
2014-11-07,244.0,40.7,42.52,37.92,41.1,RVI
2014-11-10,245.0,37.99,39.78,35.31,37.4,RVI
2014-11-11,246.0,39.55,42.44,39.25,41.38,RVI
2014-11-12,247.0,38.13,40.25,37.75,38.77,RVI
2014-11-13,248.0,40.89,41.69,37.16,38.6,RVI
2014-11-14,249.0,38.03,42.15,37.5,41.05,RVI
2014-11-17,250.0,38.56,40.68,37.21,38.3,RVI
2014-11-18,251.0,36.75,38.83,35.46,38.82,RVI
2014-11-19,252.0,36.87,37.95,36.12,36.74,RVI
2014-11-20,253.0,35.35,37.02,35.15,36.94,RVI
2014-11-21,254.0,34.24,35.89,33.74,35.5,RVI
2014-11-24,255.0,32.72,34.48,31.43,33.89,RVI
2014-11-25,256.0,34.32,34.68,31.93,31.93,RVI
2014-11-26,257.0,35.44,36.06,33.79,33.97,RVI
2014-11-27,258.0,37.47,38.26,34.93,35.61,RVI
2014-11-28,259.0,37.62,39.3,35.82,37.43,RVI
2014-12-01,260.0,43.0,43.68,37.11,37.72,RVI
2014-12-02,261.0,43.1,44.14,41.0,43.64,RVI
2014-12-03,262.0,42.21,44.9,40.55,43.85,RVI
2014-12-04,263.0,42.35,44.12,39.76,41.83,RVI
2014-12-05,264.0,43.49,45.52,41.09,42.28,RVI
2014-12-08,265.0,44.19,45.92,36.45,37.68,RVI
2014-12-09,266.0,55.49,60.56,45.87,46.55,RVI
2014-12-10,267.0,49.23,53.79,45.25,52.33,RVI
2014-12-11,268.0,49.86,54.15,48.23,50.68,RVI
2014-12-12,269.0,56.5,57.11,49.42,49.61,RVI
2014-12-15,270.0,74.54,75.16,55.84,55.92,RVI
2014-12-16,271.0,112.08,121.41,68.95,72.57,RVI
2014-12-17,272.0,96.77,115.14,84.25,107.11,RVI
2014-12-18,273.0,82.97,97.59,80.55,96.21,RVI
2014-12-19,274.0,74.73,90.28,74.31,83.62,RVI
2014-12-22,275.0,60.99,73.69,57.08,73.45,RVI
2014-12-23,276.0,59.83,66.02,57.64,57.99,RVI
2014-12-24,277.0,64.73,65.03,61.74,61.74,RVI
2014-12-25,278.0,58.99,62.9,56.16,62.75,RVI
2014-12-26,279.0,57.32,59.12,54.97,56.16,RVI
2014-12-29,280.0,62.61,64.88,58.18,58.69,RVI
2014-12-30,281.0,66.2,69.94,61.0,61.06,RVI
2015-01-05,282.0,74.3,78.67,64.92,67.19,RVI
2015-01-06,283.0,72.64,77.12,71.93,72.58,RVI
2015-01-08,284.0,68.13,76.22,62.72,67.01,RVI
2015-01-09,285.0,67.23,73.26,61.37,64.18,RVI
2015-01-12,286.0,67.29,73.69,65.69,68.01,RVI
2015-01-13,287.0,69.93,71.15,64.26,66.44,RVI
2015-01-14,288.0,69.56,74.83,68.72,70.01,RVI
2015-01-15,289.0,65.47,72.2,65.29,69.75,RVI
2015-01-16,290.0,59.79,66.1,59.65,65.67,RVI
2015-01-19,291.0,59.92,63.55,57.72,60.38,RVI
2015-01-20,292.0,59.71,61.41,58.77,61.11,RVI
2015-01-21,293.0,56.09,60.65,55.39,60.41,RVI
2015-01-22,294.0,53.63,58.01,53.48,56.4,RVI
2015-01-23,295.0,53.77,55.22,49.49,54.57,RVI
2015-01-26,296.0,61.96,62.26,52.87,53.43,RVI
2015-01-27,297.0,59.74,68.69,59.67,61.58,RVI
2015-01-28,298.0,61.65,62.54,58.11,59.92,RVI
2015-01-29,299.0,60.37,63.23,60.34,62.0,RVI
2015-01-30,300.0,63.37,64.56,60.32,61.23,RVI
2015-02-02,301.0,62.28,66.1,61.93,64.14,RVI
2015-02-03,302.0,56.69,64.65,56.32,62.31,RVI
2015-02-04,303.0,59.47,59.73,55.46,57.84,RVI
2015-02-05,304.0,58.11,62.17,55.24,58.41,RVI
2015-02-06,305.0,56.19,59.97,54.54,58.07,RVI
2015-02-09,306.0,54.36,60.15,45.32,52.08,RVI
2015-02-10,307.0,58.01,60.69,53.25,53.35,RVI
2015-02-11,308.0,60.02,60.65,54.38,55.99,RVI
2015-02-12,309.0,60.38,66.94,54.54,64.21,RVI
2015-02-13,310.0,55.58,60.31,54.79,60.29,RVI
2015-02-16,311.0,55.93,58.08,55.11,55.48,RVI
2015-02-17,312.0,54.16,56.24,52.82,55.74,RVI
2015-02-18,313.0,53.16,56.07,52.9,55.56,RVI
2015-02-19,314.0,54.59,54.91,52.46,52.6,RVI
2015-02-20,315.0,51.33,53.12,51.17,52.28,RVI
2015-02-24,316.0,53.36,54.37,49.86,51.46,RVI
2015-02-25,317.0,52.27,53.87,52.17,53.14,RVI
2015-02-26,318.0,50.96,51.52,49.73,51.08,RVI
2015-02-27,319.0,49.6,51.5,48.94,51.38,RVI
2015-03-02,320.0,51.39,53.48,50.31,50.32,RVI
2015-03-03,321.0,51.26,53.13,51.17,51.25,RVI
2015-03-04,322.0,50.09,52.31,48.02,51.38,RVI
2015-03-05,323.0,47.65,51.41,47.25,48.96,RVI
2015-03-06,324.0,44.46,49.4,44.45,47.98,RVI
2015-03-10,325.0,44.42,47.58,40.09,40.13,RVI
2015-03-11,326.0,50.37,53.25,45.82,45.94,RVI
2015-03-12,327.0,50.2,54.26,49.52,51.16,RVI
2015-03-13,328.0,51.09,53.47,48.52,49.4,RVI
2015-03-16,329.0,51.15,56.69,50.05,50.91,RVI
2015-03-17,330.0,44.96,51.29,43.41,51.02,RVI
2015-03-18,331.0,42.96,47.14,42.6,44.79,RVI
2015-03-19,332.0,42.05,46.1,41.94,42.92,RVI
2015-03-20,333.0,42.8,43.21,41.18,42.24,RVI
2015-03-23,334.0,44.83,46.18,42.48,42.9,RVI
2015-03-24,335.0,44.03,45.57,42.65,44.45,RVI
2015-03-25,336.0,42.64,42.81,40.1,41.95,RVI
2015-03-26,337.0,43.08,43.48,39.6,41.65,RVI
2015-03-27,338.0,43.25,43.99,42.08,42.96,RVI
2015-03-30,339.0,43.98,45.7,43.04,43.68,RVI
2015-03-31,340.0,43.49,44.13,42.21,43.11,RVI
2015-04-01,341.0,41.2,42.78,38.79,41.97,RVI
2015-04-02,342.0,39.44,42.91,39.31,41.54,RVI
2015-04-03,343.0,41.54,41.91,38.5,39.48,RVI
2015-04-06,344.0,40.36,45.62,37.89,38.61,RVI
2015-04-07,345.0,40.67,41.92,38.67,39.9,RVI
2015-04-08,346.0,36.73,41.53,36.05,41.4,RVI
2015-04-09,347.0,39.16,39.99,35.8,35.83,RVI
2015-04-10,348.0,38.43,41.22,34.65,39.39,RVI
2015-04-13,349.0,40.1,41.26,37.88,38.23,RVI
2015-04-14,350.0,40.21,41.16,38.91,40.39,RVI
2015-04-15,351.0,37.49,40.47,35.49,39.59,RVI
2015-04-16,352.0,35.9,38.78,35.0,37.52,RVI
2015-04-17,353.0,37.14,37.42,34.08,35.14,RVI
2015-04-20,354.0,38.37,39.66,35.11,36.95,RVI
2015-04-21,355.0,38.19,38.99,37.13,38.24,RVI
2015-04-22,356.0,37.77,38.94,37.38,37.88,RVI
2015-04-23,357.0,36.09,38.56,35.86,37.7,RVI
2015-04-24,358.0,35.67,37.27,35.62,36.15,RVI
2015-04-27,359.0,36.62,37.73,35.21,35.91,RVI
2015-04-28,360.0,35.77,38.88,35.77,36.59,RVI
2015-04-29,361.0,35.61,37.49,35.42,35.88,RVI
2015-04-30,362.0,35.6,38.62,35.08,35.88,RVI
2015-05-05,363.0,35.75,37.8,34.25,35.41,RVI
2015-05-06,364.0,36.34,36.34,33.85,35.62,RVI
2015-05-07,365.0,36.1,37.79,35.54,36.51,RVI
2015-05-08,366.0,35.34,35.8,32.58,34.85,RVI
2015-05-12,367.0,37.23,41.17,37.23,40.2,RVI
2015-05-13,368.0,32.96,36.28,32.85,35.76,RVI
2015-05-14,369.0,33.98,35.5,32.17,32.89,RVI
2015-05-15,370.0,30.77,34.4,30.49,34.12,RVI
2015-05-18,371.0,31.92,32.41,30.34,30.86,RVI
2015-05-19,372.0,33.99,34.31,31.64,31.79,RVI
2015-05-20,373.0,34.36,35.34,33.41,33.92,RVI
2015-05-21,374.0,33.51,35.16,33.04,34.41,RVI
2015-05-22,375.0,33.51,33.8,32.44,33.17,RVI
2015-05-25,376.0,33.71,34.51,32.47,33.46,RVI
2015-05-26,377.0,33.59,33.76,31.53,33.36,RVI
2015-05-27,378.0,35.34,35.83,32.94,33.66,RVI
2015-05-28,379.0,36.2,36.64,35.27,35.73,RVI
2015-05-29,380.0,36.12,37.27,35.28,36.61,RVI
2015-06-01,381.0,38.62,39.09,35.54,36.47,RVI
2015-06-02,382.0,38.34,40.22,38.01,39.41,RVI
2015-06-03,383.0,39.66,39.89,36.88,37.97,RVI
2015-06-04,384.0,41.37,42.36,39.2,39.2,RVI
2015-06-05,385.0,42.38,43.52,41.16,41.34,RVI
2015-06-08,386.0,37.56,44.66,34.49,42.92,RVI
2015-06-09,387.0,36.66,39.58,35.6,37.85,RVI
2015-06-10,388.0,35.8,39.02,35.55,37.61,RVI
2015-06-11,389.0,35.58,37.4,34.82,36.46,RVI
2015-06-15,390.0,36.55,39.05,33.81,35.21,RVI
2015-06-16,391.0,36.51,38.66,34.5,36.49,RVI
2015-06-17,392.0,35.23,36.9,34.76,36.5,RVI
2015-06-18,393.0,35.4,36.0,34.27,35.36,RVI
2015-06-19,394.0,33.59,35.19,33.43,35.08,RVI
2015-06-22,395.0,34.71,34.96,32.81,33.58,RVI
2015-06-23,396.0,34.05,34.66,32.68,34.11,RVI
2015-06-24,397.0,32.67,34.37,31.65,33.29,RVI
2015-06-25,398.0,32.62,33.07,31.43,32.02,RVI
2015-06-26,399.0,32.51,34.19,32.34,32.68,RVI
2015-06-29,400.0,35.59,36.99,31.75,32.64,RVI
2015-06-30,401.0,35.25,37.55,34.83,34.86,RVI
2015-07-01,402.0,34.22,34.98,32.83,34.77,RVI
2015-07-02,403.0,34.24,36.11,34.04,35.09,RVI
2015-07-03,404.0,35.55,36.04,33.65,34.01,RVI
2015-07-06,405.0,35.37,36.73,34.82,35.56,RVI
2015-07-07,406.0,37.47,38.66,35.46,36.16,RVI
2015-07-08,407.0,40.25,40.83,34.74,38.38,RVI
2015-07-09,408.0,38.29,40.24,36.0,39.62,RVI
2015-07-10,409.0,36.11,39.93,34.9,37.84,RVI
2015-07-13,410.0,36.84,38.45,35.16,36.37,RVI
2015-07-14,411.0,36.01,38.21,35.57,37.06,RVI
2015-07-15,412.0,32.49,35.83,32.32,35.53,RVI
2015-07-16,413.0,28.51,34.3,28.38,32.69,RVI
2015-07-17,414.0,28.7,29.88,27.93,28.58,RVI
2015-07-20,415.0,30.65,31.89,28.43,28.95,RVI
2015-07-21,416.0,29.68,31.13,29.11,31.0,RVI
2015-07-22,417.0,28.39,30.25,28.33,29.88,RVI
2015-07-23,418.0,28.45,29.13,27.2,28.72,RVI
2015-07-24,419.0,32.23,32.63,26.88,28.16,RVI
2015-07-27,420.0,34.33,34.67,31.74,32.57,RVI
2015-07-28,421.0,34.17,35.7,33.65,34.51,RVI
2015-07-29,422.0,31.97,35.37,31.46,34.48,RVI
2015-07-30,423.0,32.08,34.12,29.84,32.31,RVI
2015-07-31,424.0,32.96,34.9,31.62,31.79,RVI
2015-08-03,425.0,36.18,37.17,32.93,33.15,RVI
2015-08-04,426.0,36.42,39.58,35.56,36.1,RVI
2015-08-05,427.0,35.8,37.35,35.59,36.09,RVI
2015-08-06,428.0,37.21,37.6,35.12,35.44,RVI
2015-08-07,429.0,34.86,37.45,34.3,37.34,RVI
2015-08-10,430.0,35.74,38.18,32.29,34.69,RVI
2015-08-11,431.0,36.15,37.52,35.03,37.25,RVI
2015-08-12,432.0,35.18,39.93,35.09,35.55,RVI
2015-08-13,433.0,35.61,36.8,34.9,35.51,RVI
2015-08-14,434.0,35.31,36.34,34.15,35.06,RVI
2015-08-17,435.0,35.71,37.65,34.21,35.69,RVI
2015-08-18,436.0,37.16,38.69,35.48,35.68,RVI
2015-08-19,437.0,37.76,38.26,35.32,37.34,RVI
2015-08-20,438.0,37.94,39.22,37.07,37.72,RVI
2015-08-21,439.0,40.29,40.37,36.62,38.0,RVI
2015-08-24,440.0,47.74,51.69,40.05,40.54,RVI
2015-08-25,441.0,44.47,47.64,40.7,47.11,RVI
2015-08-26,442.0,44.7,46.42,44.14,44.69,RVI
2015-08-27,443.0,42.06,45.56,39.46,45.13,RVI
2015-08-28,444.0,40.07,42.05,36.66,41.61,RVI
2015-08-31,445.0,40.17,43.06,39.39,40.07,RVI
2015-09-01,446.0,43.28,43.54,38.5,39.86,RVI
2015-09-02,447.0,42.93,44.49,41.72,43.48,RVI
2015-09-03,448.0,44.54,45.44,42.42,42.87,RVI
2015-09-04,449.0,43.93,44.52,42.04,44.1,RVI
2015-09-07,450.0,43.81,45.29,42.58,43.56,RVI
2015-09-08,451.0,43.25,46.92,42.79,44.68,RVI
2015-09-09,452.0,41.3,46.53,41.14,44.62,RVI
2015-09-10,453.0,43.21,43.43,40.0,41.1,RVI
2015-09-11,454.0,39.7,42.84,39.0,42.61,RVI
2015-09-14,455.0,41.03,42.53,39.57,39.75,RVI
2015-09-15,456.0,40.42,42.05,39.29,41.01,RVI
2015-09-16,457.0,37.6,40.66,36.38,40.27,RVI
2015-09-17,458.0,38.72,38.77,37.04,37.31,RVI
2015-09-18,459.0,36.19,39.02,34.27,38.62,RVI
2015-09-21,460.0,39.06,39.26,35.25,35.63,RVI
2015-09-22,461.0,37.83,39.85,36.39,39.54,RVI
2015-09-23,462.0,37.5,38.9,36.98,37.71,RVI
2015-09-24,463.0,38.7,41.03,37.09,37.09,RVI
2015-09-25,464.0,39.24,40.86,38.4,39.97,RVI
2015-09-28,465.0,39.26,39.84,37.6,37.87,RVI
2015-09-29,466.0,39.37,41.05,38.36,38.36,RVI
2015-09-30,467.0,37.87,40.03,37.36,38.0,RVI
2015-10-01,468.0,37.16,40.62,36.7,38.55,RVI
2015-10-02,469.0,38.47,40.52,36.92,37.36,RVI
2015-10-05,470.0,38.16,43.04,36.95,39.24,RVI
2015-10-06,471.0,35.67,39.72,35.11,38.17,RVI
2015-10-07,472.0,35.77,37.84,34.82,35.59,RVI
2015-10-08,473.0,33.47,40.99,32.13,34.47,RVI
2015-10-09,474.0,35.3,37.96,32.46,36.47,RVI
2015-10-12,475.0,33.67,38.33,32.77,34.86,RVI
2015-10-13,476.0,37.66,38.58,33.75,34.17,RVI
2015-10-14,477.0,37.37,40.11,36.09,37.07,RVI
2015-10-15,478.0,35.82,38.1,35.2,36.81,RVI
2015-10-16,479.0,34.05,38.61,33.06,35.85,RVI
2015-10-19,480.0,34.17,35.56,33.68,33.9,RVI
2015-10-20,481.0,33.05,34.81,32.89,34.05,RVI
2015-10-21,482.0,36.34,37.27,32.65,33.06,RVI
2015-10-22,483.0,34.28,37.91,33.23,36.61,RVI
2015-10-23,484.0,32.61,34.51,31.38,34.32,RVI
2015-10-26,485.0,36.61,37.85,31.9,32.6,RVI
2015-10-27,486.0,37.21,37.58,36.03,36.72,RVI
2015-10-28,487.0,37.29,37.92,36.23,36.87,RVI
2015-10-29,488.0,36.55,37.92,36.0,37.26,RVI
2015-10-30,489.0,36.4,37.06,35.32,36.75,RVI
2015-11-02,490.0,37.15,37.97,36.14,36.42,RVI
2015-11-03,491.0,35.08,37.43,34.3,37.16,RVI
2015-11-05,492.0,33.96,35.66,33.58,35.19,RVI
2015-11-06,493.0,37.26,37.75,33.8,34.16,RVI
2015-11-09,494.0,36.6,37.27,33.84,36.01,RVI
2015-11-10,495.0,35.38,36.92,33.95,35.37,RVI
2015-11-11,496.0,35.92,37.74,34.45,37.0,RVI
2015-11-12,497.0,36.89,37.31,35.92,36.22,RVI
2015-11-13,498.0,37.95,39.05,35.98,37.13,RVI
2015-11-16,499.0,36.17,39.2,35.72,37.57,RVI
2015-11-17,500.0,34.61,37.86,34.33,35.86,RVI
2015-11-18,501.0,34.22,35.34,33.17,35.11,RVI
2015-11-19,502.0,34.96,35.94,33.07,34.16,RVI
2015-11-20,503.0,34.84,35.27,33.59,34.78,RVI
2015-11-23,504.0,36.01,36.21,33.75,34.37,RVI
2015-11-24,505.0,37.09,39.21,35.59,36.07,RVI
2015-11-25,506.0,36.12,36.88,35.2,36.84,RVI
2015-11-26,507.0,35.06,37.05,34.57,36.04,RVI
2015-11-27,508.0,37.67,38.16,34.69,35.35,RVI
2015-11-30,509.0,38.23,38.37,36.92,37.41,RVI
2015-12-01,510.0,37.41,38.05,36.65,37.56,RVI
2015-12-02,511.0,36.59,38.39,36.29,37.13,RVI
2015-12-03,512.0,36.13,37.71,36.02,36.92,RVI
2015-12-04,513.0,40.03,40.46,35.22,35.91,RVI
2015-12-07,514.0,39.72,41.22,38.81,39.61,RVI
2015-12-08,515.0,44.3,46.83,40.02,46.05,RVI
2015-12-09,516.0,34.56,38.39,33.23,38.08,RVI
2015-12-10,517.0,36.84,39.97,36.27,39.71,RVI
2015-12-11,518.0,34.35,35.58,30.61,31.66,RVI
2015-12-14,519.0,38.86,40.03,33.59,36.51,RVI
2015-12-15,520.0,32.6,40.55,32.49,38.37,RVI
2015-12-16,521.0,36.47,37.45,33.1,33.74,RVI
2015-12-17,522.0,30.98,38.02,30.92,35.78,RVI
2015-12-18,523.0,32.02,34.12,29.74,31.59,RVI
2015-12-21,524.0,33.09,34.61,30.28,31.34,RVI
2015-12-22,525.0,31.88,33.85,31.56,33.13,RVI
2015-12-23,526.0,30.93,32.75,29.5,32.19,RVI
2015-12-24,527.0,31.29,32.97,30.44,30.87,RVI
2015-12-25,528.0,30.46,31.76,29.92,31.08,RVI
2015-12-28,529.0,36.63,37.75,30.68,30.68,RVI
2015-12-29,530.0,34.68,38.75,34.68,37.12,RVI
2015-12-30,531.0,36.23,36.97,33.51,34.1,RVI
2016-01-04,532.0,39.58,40.23,36.95,37.36,RVI
2016-01-05,533.0,39.49,39.86,37.82,38.38,RVI
2016-01-06,534.0,38.75,40.41,38.25,38.82,RVI
2016-01-11,535.0,44.12,48.96,38.07,38.18,RVI
2016-01-12,536.0,44.42,46.11,43.3,44.47,RVI
2016-01-13,537.0,45.21,45.55,42.98,44.53,RVI
2016-01-14,538.0,43.84,45.16,42.35,44.86,RVI
2016-01-15,539.0,49.79,52.43,42.59,45.05,RVI
2016-01-18,540.0,51.39,56.32,49.75,52.96,RVI
2016-01-19,541.0,48.14,50.64,43.96,49.64,RVI
2016-01-20,542.0,49.85,50.71,46.85,48.15,RVI
2016-01-21,543.0,49.97,55.57,48.56,50.34,RVI
2016-01-22,544.0,46.29,51.38,43.98,50.83,RVI
2016-01-25,545.0,44.29,48.48,43.82,46.35,RVI
2016-01-26,546.0,45.12,48.54,43.55,44.09,RVI
2016-01-27,547.0,44.89,45.87,43.41,44.59,RVI
2016-01-28,548.0,41.64,45.57,41.11,45.22,RVI
2016-01-29,549.0,41.2,43.81,40.0,42.1,RVI
2016-02-01,550.0,40.79,42.33,39.96,41.18,RVI
2016-02-02,551.0,45.36,45.96,39.78,41.32,RVI
2016-02-03,552.0,45.87,46.19,43.63,44.78,RVI
2016-02-04,553.0,42.79,45.33,39.02,45.26,RVI
2016-02-05,554.0,42.09,43.42,41.36,41.99,RVI
2016-02-08,555.0,46.86,47.29,41.5,42.2,RVI
2016-02-09,556.0,47.51,48.79,46.31,47.17,RVI
2016-02-10,557.0,47.6,48.91,46.11,47.79,RVI
2016-02-11,558.0,48.13,49.03,45.31,47.18,RVI
2016-02-12,559.0,47.39,49.08,46.19,47.48,RVI
2016-02-15,560.0,46.81,49.16,45.39,46.83,RVI
2016-02-16,561.0,45.31,47.26,41.64,45.93,RVI
2016-02-17,562.0,43.18,46.16,42.01,45.21,RVI
2016-02-18,563.0,43.22,43.94,41.54,42.04,RVI
2016-02-19,564.0,41.84,43.26,41.49,43.26,RVI
2016-02-20,565.0,41.78,42.84,41.11,41.96,RVI
2016-02-22,566.0,43.3,44.62,41.11,41.52,RVI
2016-02-24,567.0,43.12,44.44,42.35,43.36,RVI
2016-02-25,568.0,44.86,46.08,43.1,43.26,RVI
2016-02-26,569.0,44.17,44.78,42.29,44.18,RVI
2016-02-29,570.0,43.25,45.26,43.19,44.06,RVI
2016-03-01,571.0,41.06,43.62,40.32,43.53,RVI
2016-03-02,572.0,41.42,42.69,40.72,40.96,RVI
2016-03-03,573.0,41.75,42.89,40.69,41.67,RVI
2016-03-04,574.0,41.27,43.37,41.16,42.16,RVI
2016-03-07,575.0,41.9,41.9,37.84,40.7,RVI
2016-03-09,576.0,43.76,46.72,41.66,43.65,RVI
2016-03-10,577.0,39.56,44.24,38.71,43.16,RVI
2016-03-11,578.0,40.97,43.82,38.89,40.83,RVI
2016-03-14,579.0,41.42,45.35,40.15,42.84,RVI
2016-03-15,580.0,39.08,41.59,38.48,41.08,RVI
2016-03-16,581.0,35.68,40.3,34.97,39.4,RVI
2016-03-17,582.0,36.19,37.7,33.95,37.31,RVI
2016-03-18,583.0,34.9,37.29,34.56,36.21,RVI
2016-03-21,584.0,33.96,37.47,33.61,34.81,RVI
2016-03-22,585.0,34.42,35.64,33.41,33.79,RVI
2016-03-23,586.0,35.8,36.47,33.61,34.58,RVI
2016-03-24,587.0,35.62,37.83,35.23,36.11,RVI
2016-03-25,588.0,36.16,36.87,35.25,35.94,RVI
2016-03-28,589.0,36.79,37.6,34.84,35.94,RVI
2016-03-29,590.0,35.66,36.93,35.04,36.41,RVI
2016-03-30,591.0,35.32,38.16,33.94,35.95,RVI
2016-03-31,592.0,34.39,37.79,33.84,36.05,RVI
2016-04-01,593.0,40.14,41.76,35.48,35.52,RVI
2016-04-04,594.0,37.2,39.4,35.61,36.35,RVI
2016-04-05,595.0,35.25,37.21,35.15,36.6,RVI
2016-04-06,596.0,35.59,38.3,35.48,36.58,RVI
2016-04-07,597.0,38.46,38.46,35.29,36.13,RVI
2016-04-08,598.0,32.37,37.81,31.41,37.12,RVI
2016-04-11,599.0,36.06,36.94,32.34,33.19,RVI
2016-04-12,600.0,36.37,37.7,35.54,35.6,RVI
2016-04-13,601.0,35.18,38.14,34.44,36.36,RVI
2016-04-14,602.0,36.13,38.15,34.72,36.09,RVI
2016-04-15,603.0,37.23,37.85,35.68,36.28,RVI
2016-04-18,604.0,35.75,38.54,34.65,36.79,RVI
2016-04-19,605.0,34.91,36.76,33.73,35.99,RVI
2016-04-20,606.0,34.94,36.65,32.73,34.85,RVI
2016-04-21,607.0,34.72,37.03,34.36,34.98,RVI
2016-04-22,608.0,32.27,35.17,31.78,34.83,RVI
2016-04-25,609.0,32.73,34.08,32.16,32.38,RVI
2016-04-26,610.0,32.72,34.57,32.13,32.67,RVI
2016-04-27,611.0,34.27,34.65,32.42,33.07,RVI
2016-04-28,612.0,34.19,34.53,31.79,34.07,RVI
2016-04-29,613.0,35.33,35.71,33.69,34.12,RVI
2016-05-04,614.0,36.75,37.61,34.73,35.56,RVI
2016-05-05,615.0,35.05,37.65,34.28,36.84,RVI
2016-05-06,616.0,35.69,37.31,35.12,35.31,RVI
2016-05-10,617.0,37.0,37.77,35.54,35.88,RVI
2016-05-11,618.0,33.95,36.97,33.8,36.53,RVI
2016-05-12,619.0,34.63,34.63,31.25,32.49,RVI
2016-05-13,620.0,34.39,35.86,33.0,35.19,RVI
2016-05-16,621.0,33.77,35.39,33.54,34.22,RVI
2016-05-17,622.0,34.05,36.77,33.24,33.67,RVI
2016-05-18,623.0,34.0,35.7,33.41,34.07,RVI
2016-05-19,624.0,35.29,37.52,33.93,33.99,RVI
2016-05-20,625.0,35.09,36.13,34.68,35.23,RVI
2016-05-23,626.0,34.63,35.98,34.14,34.74,RVI
2016-05-24,627.0,34.8,35.35,34.48,34.65,RVI
2016-05-25,628.0,35.14,35.39,33.78,34.6,RVI
2016-05-26,629.0,34.03,34.89,32.88,34.67,RVI
2016-05-27,630.0,33.46,34.56,33.17,33.85,RVI
2016-05-30,631.0,32.87,34.35,32.38,33.18,RVI
2016-05-31,632.0,33.63,33.73,32.04,32.62,RVI
2016-06-01,633.0,34.34,34.37,32.49,33.61,RVI
2016-06-02,634.0,34.4,35.01,34.35,34.45,RVI
2016-06-03,635.0,33.19,34.66,32.79,34.59,RVI
2016-06-06,636.0,32.49,33.15,31.99,33.13,RVI
2016-06-07,637.0,32.04,32.83,31.44,32.6,RVI
2016-06-08,638.0,32.8,32.89,31.02,31.63,RVI
2016-06-09,639.0,31.52,34.14,31.43,33.27,RVI
2016-06-10,640.0,34.86,35.22,31.24,32.0,RVI
2016-06-14,641.0,33.55,35.05,30.76,34.24,RVI
2016-06-15,642.0,34.89,35.29,32.77,33.75,RVI
2016-06-16,643.0,35.81,37.84,33.13,34.95,RVI
2016-06-17,644.0,33.29,36.37,32.79,36.24,RVI
2016-06-20,645.0,33.85,34.56,32.2,33.27,RVI
2016-06-21,646.0,34.3,36.79,33.45,34.02,RVI
2016-06-22,647.0,37.14,37.2,33.24,34.75,RVI
2016-06-23,648.0,36.07,38.51,35.71,37.37,RVI
2016-06-24,649.0,37.35,40.74,34.73,36.15,RVI
2016-06-27,650.0,36.29,37.58,34.7,36.78,RVI
2016-06-28,651.0,34.87,38.09,34.53,36.82,RVI
2016-06-29,652.0,34.64,35.99,34.32,35.01,RVI
2016-06-30,653.0,34.18,35.44,32.96,35.28,RVI
2016-07-01,654.0,33.64,35.0,32.79,34.42,RVI
2016-07-04,655.0,31.83,33.22,31.29,33.06,RVI
2016-07-05,656.0,34.46,34.73,31.56,31.65,RVI
2016-07-06,657.0,35.24,35.78,33.33,34.61,RVI
2016-07-07,658.0,34.04,34.95,31.5,34.93,RVI
2016-07-08,659.0,33.85,34.88,32.94,33.45,RVI
2016-07-11,660.0,32.16,33.74,31.71,32.0,RVI
2016-07-12,661.0,33.05,33.96,31.27,31.43,RVI
2016-07-13,662.0,33.23,34.8,32.79,33.01,RVI
2016-07-14,663.0,32.74,34.64,31.97,32.69,RVI
2016-07-15,664.0,32.93,33.31,30.96,32.34,RVI
2016-07-18,665.0,30.7,33.11,30.48,32.31,RVI
2016-07-19,666.0,31.42,32.12,30.49,31.25,RVI
2016-07-20,667.0,29.82,33.12,28.61,31.15,RVI
2016-07-21,668.0,27.88,30.05,27.79,29.59,RVI
2016-07-22,669.0,27.02,28.16,26.73,28.16,RVI
2016-07-25,670.0,26.35,28.13,26.24,26.96,RVI
2016-07-26,671.0,26.25,28.74,25.93,26.25,RVI
2016-07-27,672.0,26.94,27.09,25.47,26.11,RVI
2016-07-28,673.0,25.84,27.65,24.88,26.81,RVI
2016-07-29,674.0,24.97,28.14,24.72,25.51,RVI
2016-08-01,675.0,26.59,26.87,24.67,25.01,RVI
2016-08-02,676.0,30.06,30.18,26.49,26.49,RVI
2016-08-03,677.0,28.99,30.68,28.87,30.15,RVI
2016-08-04,678.0,26.1,28.6,25.96,28.54,RVI
2016-08-05,679.0,26.59,27.16,25.99,26.51,RVI
2016-08-08,680.0,28.6,28.86,26.23,26.57,RVI
2016-08-09,681.0,28.36,28.87,27.59,28.76,RVI
2016-08-10,682.0,28.26,29.36,28.17,28.33,RVI
2016-08-11,683.0,28.35,28.84,26.98,28.0,RVI
2016-08-12,684.0,28.5,28.61,26.21,28.15,RVI
2016-08-15,685.0,25.45,28.44,25.33,28.15,RVI
2016-08-16,686.0,26.21,27.15,25.03,25.49,RVI
2016-08-17,687.0,27.34,27.88,25.24,25.84,RVI
2016-08-18,688.0,26.07,27.29,25.06,27.29,RVI
2016-08-19,689.0,27.09,28.04,25.73,25.81,RVI
2016-08-22,690.0,28.1,29.36,26.55,26.71,RVI
2016-08-23,691.0,25.58,28.61,25.54,28.18,RVI
2016-08-24,692.0,28.57,28.57,25.14,26.02,RVI
2016-08-25,693.0,27.11,28.62,26.88,28.39,RVI
2016-08-26,694.0,25.57,27.97,24.87,26.81,RVI
2016-08-29,695.0,28.24,29.05,26.21,26.27,RVI
2016-08-30,696.0,28.26,28.29,26.15,28.12,RVI
2016-08-31,697.0,28.08,28.65,27.66,28.13,RVI
2016-09-01,698.0,27.01,28.17,26.96,28.08,RVI
2016-09-02,699.0,25.18,27.9,24.7,27.14,RVI
2016-09-05,700.0,24.27,25.35,24.13,25.06,RVI
2016-09-06,701.0,25.78,25.78,23.69,24.11,RVI
2016-09-07,702.0,26.22,26.84,25.23,25.56,RVI
2016-09-08,703.0,30.41,33.55,25.77,27.21,RVI
2016-09-09,704.0,26.27,30.29,26.25,28.47,RVI
2016-09-12,705.0,22.69,26.3,20.59,21.08,RVI
2016-09-13,706.0,27.34,27.89,25.5,25.92,RVI
2016-09-14,707.0,26.88,28.79,26.24,27.26,RVI
2016-09-15,708.0,28.03,29.64,26.46,27.14,RVI
2016-09-16,709.0,27.01,27.98,26.26,27.26,RVI
2016-09-19,710.0,25.99,27.19,25.51,27.08,RVI
2016-09-20,711.0,26.14,28.8,25.96,26.07,RVI
2016-09-21,712.0,25.45,26.72,24.02,26.24,RVI
2016-09-22,713.0,25.85,26.22,24.2,25.4,RVI
2016-09-23,714.0,24.83,26.05,24.63,25.99,RVI
2016-09-26,715.0,25.17,25.86,23.71,24.07,RVI
2016-09-27,716.0,25.54,26.04,24.83,25.14,RVI
2016-09-28,717.0,25.41,25.83,24.51,25.54,RVI
2016-09-29,718.0,26.42,27.5,24.71,24.91,RVI
2016-09-30,719.0,25.83,26.6,24.59,26.48,RVI
2016-10-03,720.0,27.76,27.97,25.12,25.51,RVI
2016-10-04,721.0,26.52,27.26,25.86,26.62,RVI
2016-10-05,722.0,27.22,27.47,25.31,26.23,RVI
2016-10-06,723.0,27.96,27.99,25.04,26.42,RVI
2016-10-07,724.0,26.04,26.84,25.63,26.76,RVI
2016-10-10,725.0,24.43,26.81,24.03,25.69,RVI
2016-10-11,726.0,26.18,26.18,23.83,24.09,RVI
2016-10-12,727.0,26.11,27.08,25.49,26.05,RVI
2016-10-13,728.0,23.93,26.06,23.68,25.49,RVI
2016-10-14,729.0,24.99,25.71,24.23,24.6,RVI
2016-10-17,730.0,24.75,25.78,22.86,24.75,RVI
2016-10-18,731.0,24.79,25.37,23.94,24.55,RVI
2016-10-19,732.0,25.87,26.0,24.42,24.8,RVI
2016-10-20,733.0,23.91,25.91,23.6,25.73,RVI
2016-10-21,734.0,23.2,24.68,22.85,24.46,RVI
2016-10-24,735.0,24.45,25.0,22.81,23.16,RVI
2016-10-25,736.0,24.04,24.83,23.44,24.21,RVI
2016-10-26,737.0,23.06,24.87,22.93,23.93,RVI
2016-10-27,738.0,23.45,23.91,22.44,23.04,RVI
2016-10-28,739.0,22.93,23.49,22.67,23.47,RVI
2016-10-31,740.0,24.09,24.19,22.45,23.08,RVI
2016-11-01,741.0,25.04,25.48,23.69,24.12,RVI
2016-11-02,742.0,25.45,25.6,24.25,24.97,RVI
2016-11-03,743.0,25.63,25.66,23.85,25.39,RVI
2016-11-07,744.0,27.48,27.88,25.32,25.43,RVI
2016-11-08,745.0,26.89,27.68,26.13,27.68,RVI
2016-11-09,746.0,26.48,29.68,24.98,26.86,RVI
2016-11-10,747.0,27.54,28.48,23.96,27.25,RVI
2016-11-11,748.0,29.31,29.65,26.81,27.73,RVI
2016-11-14,749.0,29.93,31.69,27.73,30.12,RVI
2016-11-15,750.0,28.31,31.02,27.75,30.4,RVI
2016-11-16,751.0,27.99,29.85,27.55,28.32,RVI
2016-11-17,752.0,26.72,28.48,26.11,28.26,RVI
2016-11-18,753.0,25.26,26.85,24.76,26.53,RVI
2016-11-21,754.0,24.48,26.06,24.38,24.98,RVI
2016-11-22,755.0,24.49,25.02,22.79,24.49,RVI
2016-11-23,756.0,25.19,25.81,23.32,24.37,RVI
2016-11-24,757.0,24.02,25.25,22.46,24.9,RVI
2016-11-25,758.0,25.01,25.01,23.81,24.01,RVI
2016-11-28,759.0,24.87,26.68,24.48,24.77,RVI
2016-11-29,760.0,26.84,26.93,24.21,25.34,RVI
2016-11-30,761.0,23.64,27.5,23.58,26.85,RVI
2016-12-01,762.0,25.09,25.79,23.27,23.41,RVI
2016-12-02,763.0,25.17,25.37,23.17,24.8,RVI
2016-12-05,764.0,23.49,25.78,23.28,25.31,RVI
2016-12-06,765.0,24.61,24.91,22.62,23.24,RVI
2016-12-07,766.0,23.76,24.83,23.45,24.24,RVI
2016-12-08,767.0,22.93,27.25,22.02,25.73,RVI
2016-12-09,768.0,20.53,24.25,19.7,20.55,RVI
2016-12-12,769.0,21.55,25.59,19.93,21.87,RVI
2016-12-13,770.0,25.67,26.4,21.97,23.08,RVI
2016-12-14,771.0,24.36,25.34,23.03,24.66,RVI
2016-12-15,772.0,23.18,25.42,21.56,25.06,RVI
2016-12-16,773.0,24.01,25.98,23.16,24.56,RVI
2016-12-19,774.0,22.44,25.01,22.42,23.53,RVI
2016-12-20,775.0,23.5,23.67,22.04,22.53,RVI
2016-12-21,776.0,23.34,24.63,23.29,23.7,RVI
2016-12-22,777.0,23.17,23.6,22.26,23.15,RVI
2016-12-23,778.0,23.1,24.51,21.8,23.15,RVI
2016-12-26,779.0,22.93,23.46,21.76,22.18,RVI
2016-12-27,780.0,24.32,24.37,22.31,22.74,RVI
2016-12-28,781.0,24.99,25.14,24.4,24.48,RVI
2016-12-29,782.0,25.71,25.79,24.37,24.49,RVI
2016-12-30,783.0,26.47,26.65,25.16,25.99,RVI
2017-01-03,784.0,26.18,27.95,24.87,26.23,RVI
2017-01-04,785.0,24.88,25.58,23.72,25.07,RVI
2017-01-05,786.0,25.17,26.55,24.82,25.53,RVI
2017-01-06,787.0,24.62,25.42,24.41,24.68,RVI
2017-01-09,788.0,25.59,26.27,23.47,24.13,RVI
2017-01-10,789.0,23.83,25.49,23.38,25.32,RVI
2017-01-11,790.0,25.2,25.82,21.04,23.42,RVI
2017-01-12,791.0,23.64,25.9,22.12,24.66,RVI
2017-01-13,792.0,24.79,25.67,22.1,23.38,RVI
2017-01-16,793.0,24.66,26.28,22.97,25.26,RVI
2017-01-17,794.0,24.5,25.2,23.77,25.05,RVI
2017-01-18,795.0,25.26,25.7,23.65,24.44,RVI
2017-01-19,796.0,24.65,26.01,24.46,25.29,RVI
2017-01-20,797.0,24.52,24.88,22.96,24.63,RVI
2017-01-23,798.0,23.41,24.97,23.29,24.31,RVI
2017-01-24,799.0,23.17,24.69,23.16,23.71,RVI
2017-01-25,800.0,22.1,23.63,22.1,23.09,RVI
2017-01-26,801.0,21.82,23.61,21.65,22.04,RVI
2017-01-27,802.0,24.57,24.57,20.33,22.07,RVI
2017-01-30,803.0,22.81,25.18,22.68,25.1,RVI
2017-01-31,804.0,23.57,24.12,22.57,22.69,RVI
2017-02-01,805.0,23.06,24.47,22.78,23.98,RVI
2017-02-02,806.0,22.65,23.2,21.67,22.42,RVI
2017-02-03,807.0,23.02,23.49,21.51,22.54,RVI
2017-02-06,808.0,23.04,24.39,22.29,22.96,RVI
2017-02-07,809.0,23.02,24.04,22.65,23.14,RVI
2017-02-08,810.0,25.45,26.13,22.61,23.06,RVI
2017-02-09,811.0,25.15,25.84,24.04,25.5,RVI
2017-02-10,812.0,23.23,25.61,23.12,25.32,RVI
2017-02-13,813.0,23.58,23.64,22.43,23.21,RVI
2017-02-14,814.0,23.37,23.71,22.48,23.53,RVI
2017-02-15,815.0,23.03,23.53,22.72,23.36,RVI
2017-02-16,816.0,22.29,23.14,21.51,23.06,RVI
2017-02-17,817.0,24.88,24.91,21.55,21.98,RVI
2017-02-20,818.0,24.69,25.66,24.32,24.73,RVI
2017-02-21,819.0,23.32,24.7,22.63,24.54,RVI
2017-02-22,820.0,24.8,25.08,22.56,23.49,RVI
2017-02-24,821.0,24.12,24.92,24.03,24.63,RVI
2017-02-27,822.0,24.36,25.56,23.6,25.56,RVI
2017-02-28,823.0,27.35,27.58,23.97,24.51,RVI
2017-03-01,824.0,26.07,27.46,25.43,27.23,RVI
2017-03-02,825.0,27.06,27.22,24.74,25.9,RVI
2017-03-03,826.0,26.58,27.04,26.04,26.4,RVI
2017-03-06,827.0,26.71,26.71,24.98,26.31,RVI
2017-03-07,828.0,26.17,27.01,24.32,24.33,RVI
2017-03-09,829.0,23.5,29.34,23.5,25.63,RVI
2017-03-10,830.0,28.26,28.82,26.19,28.71,RVI
2017-03-13,831.0,26.37,28.07,25.86,26.95,RVI
2017-03-14,832.0,28.27,29.38,26.11,27.43,RVI
2017-03-15,833.0,28.06,29.2,26.36,28.62,RVI
2017-03-16,834.0,25.11,27.25,22.54,27.1,RVI
2017-03-17,835.0,21.57,23.45,20.19,23.3,RVI
2017-03-20,836.0,22.85,24.63,20.98,23.46,RVI
2017-03-21,837.0,24.39,24.47,22.2,22.73,RVI
2017-03-22,838.0,23.83,26.13,23.35,23.96,RVI
2017-03-23,839.0,23.8,25.17,22.72,23.74,RVI
2017-03-24,840.0,23.14,24.29,22.6,23.58,RVI
2017-03-27,841.0,24.73,26.22,22.4,23.02,RVI
2017-03-28,842.0,23.08,24.94,22.75,24.37,RVI
2017-03-29,843.0,23.04,24.06,22.38,22.61,RVI
2017-03-30,844.0,23.5,23.71,22.71,23.17,RVI
2017-03-31,845.0,23.97,24.03,22.21,23.17,RVI
2017-04-03,846.0,23.53,24.1,22.44,24.07,RVI
2017-04-04,847.0,23.18,24.34,22.25,23.87,RVI
2017-04-05,848.0,23.62,23.99,22.82,23.22,RVI
2017-04-06,849.0,23.17,23.72,22.85,23.53,RVI
2017-04-07,850.0,23.46,24.16,21.72,23.31,RVI
2017-04-10,851.0,24.86,26.04,23.47,23.48,RVI
2017-04-11,852.0,24.79,26.33,24.64,24.8,RVI
2017-04-12,853.0,24.07,26.07,23.55,24.78,RVI
2017-04-13,854.0,24.09,26.87,23.31,24.04,RVI
2017-04-14,855.0,24.2,25.26,23.17,23.91,RVI
2017-04-17,856.0,24.51,26.12,23.4,23.98,RVI
2017-04-18,857.0,23.8,25.08,23.13,24.51,RVI
2017-04-19,858.0,25.43,26.23,23.45,24.06,RVI
2017-04-20,859.0,22.51,26.9,22.3,25.43,RVI
2017-04-21,860.0,23.26,24.05,22.4,22.53,RVI
2017-04-24,861.0,23.26,24.51,22.65,23.44,RVI
2017-04-25,862.0,22.22,23.96,22.04,23.37,RVI
2017-04-26,863.0,22.42,24.51,21.91,22.28,RVI
2017-04-27,864.0,24.19,24.61,22.59,22.68,RVI
2017-04-28,865.0,22.47,24.15,21.86,24.14,RVI
2017-05-02,866.0,22.89,23.3,21.01,22.61,RVI
2017-05-03,867.0,25.5,27.03,22.36,22.92,RVI
2017-05-04,868.0,24.81,25.78,24.68,25.55,RVI
2017-05-05,869.0,23.74,27.41,23.56,24.81,RVI
2017-05-10,870.0,24.07,25.23,23.47,23.63,RVI
2017-05-11,871.0,25.36,25.65,22.86,24.62,RVI
2017-05-12,872.0,23.43,25.35,23.21,25.09,RVI
2017-05-15,873.0,22.83,23.99,21.94,23.69,RVI
2017-05-16,874.0,23.71,23.88,21.91,22.89,RVI
2017-05-17,875.0,24.46,25.08,23.57,23.7,RVI
2017-05-18,876.0,24.0,25.19,23.36,23.92,RVI
2017-05-19,877.0,23.21,24.54,23.06,24.01,RVI
2017-05-22,878.0,23.8,24.42,22.34,23.3,RVI
2017-05-23,879.0,24.73,24.82,23.28,23.45,RVI
2017-05-24,880.0,23.94,24.64,23.61,24.29,RVI
2017-05-25,881.0,24.05,24.83,23.75,23.78,RVI
2017-05-26,882.0,23.38,24.51,23.23,23.71,RVI
2017-05-29,883.0,24.09,24.32,22.66,22.93,RVI
2017-05-30,884.0,23.59,23.84,23.32,23.48,RVI
2017-05-31,885.0,25.93,26.09,23.52,23.52,RVI
2017-06-01,886.0,26.2,26.41,24.81,25.8,RVI
2017-06-02,887.0,25.23,26.42,25.15,25.55,RVI
2017-06-05,888.0,25.93,26.29,25.25,25.26,RVI
2017-06-06,889.0,25.63,26.38,25.51,25.76,RVI
2017-06-07,890.0,26.0,26.21,24.96,25.41,RVI
2017-06-08,891.0,27.25,30.92,27.19,29.37,RVI
2017-06-09,892.0,24.69,28.22,24.69,26.99,RVI
2017-06-13,893.0,25.27,27.18,24.46,25.88,RVI
2017-06-14,894.0,27.02,27.82,24.12,24.93,RVI
2017-06-15,895.0,24.47,29.83,24.32,26.43,RVI
2017-06-16,896.0,24.79,25.69,22.77,25.05,RVI
2017-06-19,897.0,24.53,25.72,24.3,24.75,RVI
2017-06-20,898.0,26.91,27.47,23.61,24.65,RVI
2017-06-21,899.0,27.45,28.34,26.01,26.91,RVI
2017-06-22,900.0,26.16,27.58,26.07,27.2,RVI
2017-06-23,901.0,23.22,26.54,23.1,26.11,RVI
2017-06-26,902.0,22.56,23.44,22.07,22.96,RVI
2017-06-27,903.0,23.11,23.5,21.85,22.01,RVI
2017-06-28,904.0,23.07,23.86,21.4,22.82,RVI
2017-06-29,905.0,22.48,23.92,22.33,22.53,RVI
2017-06-30,906.0,22.55,22.67,21.29,21.72,RVI
2017-07-03,907.0,23.2,24.07,22.06,22.27,RVI
2017-07-04,908.0,23.27,23.82,22.57,22.63,RVI
2017-07-05,909.0,23.32,23.49,21.92,23.22,RVI
2017-07-06,910.0,23.24,23.54,22.0,22.76,RVI
2017-07-07,911.0,22.93,23.83,21.69,23.13,RVI
2017-07-10,912.0,23.8,24.26,22.05,22.38,RVI
2017-07-11,913.0,23.05,23.93,22.15,23.72,RVI
2017-07-12,914.0,22.34,24.28,21.84,23.3,RVI
2017-07-13,915.0,21.51,22.28,20.25,22.28,RVI
2017-07-14,916.0,21.54,21.91,18.89,20.85,RVI
2017-07-17,917.0,20.54,22.15,20.23,20.95,RVI
2017-07-18,918.0,20.75,22.62,20.42,20.81,RVI
2017-07-19,919.0,21.9,22.11,20.01,20.8,RVI
2017-07-20,920.0,21.05,22.8,20.84,21.88,RVI
2017-07-21,921.0,19.22,21.72,18.79,21.22,RVI
2017-07-24,922.0,21.61,23.07,18.7,18.97,RVI
2017-07-25,923.0,21.3,22.86,20.73,21.24,RVI
2017-07-26,924.0,19.7,21.6,19.51,21.43,RVI
2017-07-27,925.0,19.73,20.3,19.06,19.63,RVI
2017-07-28,926.0,21.35,22.45,18.38,19.58,RVI
2017-07-31,927.0,22.64,25.45,20.95,21.37,RVI
2017-08-01,928.0,22.53,23.15,20.33,22.96,RVI
2017-08-02,929.0,20.09,22.88,19.91,22.33,RVI
2017-08-03,930.0,20.26,21.17,19.82,20.33,RVI
2017-08-04,931.0,20.17,20.77,19.66,20.31,RVI
2017-08-07,932.0,21.23,21.65,19.5,20.15,RVI
2017-08-08,933.0,22.17,22.28,20.97,21.32,RVI
2017-08-09,934.0,20.61,22.29,20.52,22.14,RVI
2017-08-10,935.0,20.98,22.22,20.27,22.14,RVI
2017-08-11,936.0,21.59,23.5,20.06,20.88,RVI
2017-08-14,937.0,20.45,21.34,18.47,20.83,RVI
2017-08-15,938.0,18.74,20.87,17.88,20.82,RVI
2017-08-16,939.0,19.09,19.67,18.39,19.05,RVI
2017-08-17,940.0,19.63,19.85,18.31,18.93,RVI
2017-08-18,941.0,19.28,20.8,18.55,19.81,RVI
2017-08-21,942.0,19.71,20.9,19.24,19.94,RVI
2017-08-22,943.0,20.59,20.89,19.27,19.79,RVI
2017-08-23,944.0,20.93,20.93,20.07,20.58,RVI
2017-08-24,945.0,20.88,21.71,20.55,20.96,RVI
2017-08-25,946.0,20.19,21.69,20.19,20.86,RVI
2017-08-28,947.0,19.41,20.8,18.88,20.23,RVI
2017-08-29,948.0,19.82,21.98,18.79,19.2,RVI
2017-08-30,949.0,18.44,19.99,17.93,19.41,RVI
2017-08-31,950.0,19.8,20.61,18.02,18.24,RVI
2017-09-01,951.0,20.39,20.7,19.77,19.84,RVI
2017-09-04,952.0,20.27,20.82,19.77,20.17,RVI
2017-09-05,953.0,20.68,21.34,19.6,20.36,RVI
2017-09-06,954.0,20.12,20.69,19.58,20.68,RVI
2017-09-07,955.0,19.21,20.38,18.44,20.2,RVI
2017-09-08,956.0,19.05,19.65,17.39,19.5,RVI
2017-09-11,957.0,17.93,19.66,17.58,18.88,RVI
2017-09-12,958.0,18.31,18.95,17.8,17.99,RVI
2017-09-13,959.0,19.1,19.27,17.16,18.3,RVI
2017-09-14,960.0,18.15,21.12,17.93,19.84,RVI
2017-09-15,961.0,17.37,19.34,16.63,18.02,RVI
2017-09-18,962.0,18.93,19.0,16.54,17.77,RVI
2017-09-19,963.0,20.17,20.53,18.63,18.93,RVI
2017-09-20,964.0,18.44,20.34,18.13,20.11,RVI
2017-09-21,965.0,17.57,20.72,16.9,18.46,RVI
2017-09-22,966.0,17.08,18.0,16.62,17.37,RVI
2017-09-25,967.0,16.67,18.26,16.54,17.27,RVI
2017-09-26,968.0,17.1,18.38,16.58,16.88,RVI
2017-09-27,969.0,16.59,17.36,16.35,17.05,RVI
2017-09-28,970.0,16.27,17.15,15.92,16.3,RVI
2017-09-29,971.0,17.9,18.12,16.42,16.65,RVI
2017-10-02,972.0,17.07,18.28,16.67,17.46,RVI
2017-10-03,973.0,17.13,17.96,16.72,16.76,RVI
2017-10-04,,16.85,17.18,16.24,16.37,RVI
2017-10-05,,16.7,17.18,16.19,16.72,RVI
2017-10-06,,15.64,17.5,15.51,17.38,RVI
2017-10-09,,15.05,16.29,14.21,15.63,RVI
2017-10-10,,14.93,15.65,14.56,15.35,RVI
2017-10-11,,16.1,16.6,14.72,15.02,RVI
2017-10-12,,15.7,16.44,15.13,15.36,RVI
2017-10-13,,15.46,16.6,15.23,15.76,RVI
2017-10-16,,15.63,16.1,14.71,15.57,RVI
2017-10-17,,16.26,16.68,15.56,15.63,RVI
2017-10-18,,16.71,16.93,15.8,16.07,RVI
2017-10-19,,16.33,16.65,14.8,16.52,RVI
2017-10-20,,15.62,16.49,14.5,15.79,RVI
2017-10-23,,15.47,15.85,14.74,15.18,RVI
2017-10-24,,15.16,15.67,14.57,15.42,RVI
2017-10-25,,14.67,15.73,13.8,15.24,RVI
2017-10-26,,14.97,16.52,14.76,15.25,RVI
2017-10-27,,15.01,17.58,14.57,14.95,RVI
2017-10-30,,14.57,15.85,14.16,14.97,RVI
2017-10-31,,17.07,17.32,14.19,14.51,RVI
2017-11-01,,14.92,16.89,14.74,16.66,RVI
2017-11-02,,16.1,16.64,14.35,14.86,RVI
2017-11-03,,17.17,17.73,14.39,16.08,RVI
2017-11-07,,17.66,18.38,15.83,17.13,RVI
2017-11-08,,18.42,18.75,17.16,17.2,RVI
2017-11-09,,16.27,18.35,16.09,17.54,RVI
2017-11-10,,16.82,18.58,15.65,16.41,RVI
2017-11-13,,20.11,20.23,16.76,17.7,RVI
2017-11-14,,19.03,19.95,18.22,19.52,RVI
2017-11-15,,18.28,19.11,15.94,17.82,RVI
2017-11-16,,18.81,21.47,17.33,19.42,RVI
2017-11-17,,17.95,18.34,16.89,17.96,RVI
2017-11-20,,17.75,18.58,17.45,17.68,RVI
2017-11-21,,19.76,20.05,17.8,18.32,RVI
2017-11-22,,19.47,20.37,19.1,19.66,RVI
2017-11-23,,19.23,20.03,18.71,19.38,RVI
2017-11-24,,19.17,19.99,17.92,19.26,RVI
2017-11-27,,19.33,19.7,18.04,19.11,RVI
2017-11-28,,19.59,20.56,19.13,19.29,RVI
2017-11-29,,20.08,20.9,18.89,19.37,RVI
2017-11-30,,17.83,20.0,17.62,19.98,RVI
2017-12-01,,17.65,18.17,17.2,17.94,RVI
2017-12-04,,18.81,21.23,16.85,17.48,RVI
2017-12-05,,18.65,19.11,18.33,18.82,RVI
2017-12-06,,18.15,18.78,17.92,18.56,RVI
2017-12-07,,18.08,19.23,17.5,18.06,RVI
2017-12-08,,18.13,18.79,16.54,17.84,RVI
2017-12-11,,17.9,18.09,17.0,17.97,RVI
2017-12-12,,18.35,19.19,18.08,18.36,RVI
2017-12-13,,19.35,19.39,17.68,18.35,RVI
2017-12-14,,18.88,20.59,18.82,19.97,RVI
2017-12-15,,18.45,19.41,18.05,19.08,RVI
2017-12-18,,18.37,19.08,17.18,18.67,RVI
2017-12-19,,15.49,18.5,15.49,18.42,RVI
2017-12-20,,15.54,16.07,15.07,15.87,RVI
2017-12-21,,15.52,16.8,14.91,15.47,RVI
2017-12-22,,16.24,16.75,15.33,15.62,RVI
2017-12-25,,18.11,18.27,16.04,16.11,RVI
2017-12-26,,17.18,17.45,16.54,17.04,RVI
2017-12-27,,16.9,17.35,16.51,16.66,RVI
2017-12-28,,16.17,17.49,16.17,16.21,RVI
2017-12-29,,18.54,18.54,16.64,17.05,RVI
2018-02-06,,24.57,26.02,19.15,19.25,RVI
2018-02-07,,22.48,25.05,21.87,24.56,RVI
2018-02-08,,22.82,23.98,21.95,22.55,RVI
2018-02-09,,24.34,27.01,21.89,21.89,RVI
2018-02-12,,25.24,27.77,22.32,24.83,RVI
2018-02-13,,23.03,25.61,22.45,24.81,RVI
2018-02-14,,23.52,23.71,22.38,23.08,RVI
2018-02-15,,23.31,24.2,21.5,23.4,RVI
2018-02-16,,21.64,23.98,21.41,23.13,RVI
2018-02-19,,22.25,24.25,21.08,21.68,RVI
2018-02-20,,22.09,22.95,21.49,22.1,RVI
2018-02-21,,21.38,21.74,20.3,21.51,RVI
2018-02-22,,22.46,23.0,21.25,21.6,RVI
2018-02-26,,21.42,22.83,19.55,22.37,RVI
2018-02-27,,21.65,22.45,20.95,21.46,RVI
2018-02-28,,22.91,23.47,21.55,21.77,RVI
2018-03-01,,21.54,22.62,21.38,22.32,RVI
2018-03-02,,23.91,25.0,21.08,21.41,RVI
